/*
SQLyog Ultimate v12.09 (64 bit)
MySQL - 8.0.19 : Database - design
*********************************************************************
*/

/*!40101 SET NAMES utf8 */;

/*!40101 SET SQL_MODE=''*/;

/*!40014 SET @OLD_UNIQUE_CHECKS=@@UNIQUE_CHECKS, UNIQUE_CHECKS=0 */;
/*!40014 SET @OLD_FOREIGN_KEY_CHECKS=@@FOREIGN_KEY_CHECKS, FOREIGN_KEY_CHECKS=0 */;
/*!40101 SET @OLD_SQL_MODE=@@SQL_MODE, SQL_MODE='NO_AUTO_VALUE_ON_ZERO' */;
/*!40111 SET @OLD_SQL_NOTES=@@SQL_NOTES, SQL_NOTES=0 */;
CREATE DATABASE /*!32312 IF NOT EXISTS*/`design` /*!40100 DEFAULT CHARACTER SET utf8 */ /*!80016 DEFAULT ENCRYPTION='N' */;

USE `design`;

/*Table structure for table `bml_category` */

DROP TABLE IF EXISTS `bml_category`;

CREATE TABLE `bml_category` (
  `id` bigint NOT NULL AUTO_INCREMENT COMMENT '主键',
  `title` varchar(40) DEFAULT NULL COMMENT '分类名',
  `parent_id` int DEFAULT NULL COMMENT '父节点ID',
  `order_by` tinyint DEFAULT '0' COMMENT '节点排列顺序',
  `deleted` int DEFAULT '0' COMMENT '逻辑删除 默认为0，1为已删除',
  `create_time` datetime DEFAULT NULL COMMENT '创建时间',
  `update_time` datetime DEFAULT NULL COMMENT '更改时间',
  PRIMARY KEY (`id`)
) ENGINE=InnoDB AUTO_INCREMENT=19 DEFAULT CHARSET=utf8 COMMENT='分类信息表';

/*Data for the table `bml_category` */

insert  into `bml_category`(`id`,`title`,`parent_id`,`order_by`,`deleted`,`create_time`,`update_time`) values (1,'电子产品',0,0,0,'2020-03-22 21:59:42','2020-03-22 21:59:44'),(2,'手机',1,0,0,'2020-03-22 21:59:59','2020-03-22 22:00:01'),(3,'电脑',1,1,0,'2020-03-22 22:00:16','2020-03-22 22:00:18'),(4,'手机儿子',2,0,0,'2020-03-26 21:07:45','2020-03-26 21:08:18'),(5,'电脑儿子',3,0,0,'2020-03-27 10:10:31','2020-03-27 10:22:58'),(6,'电脑儿子2',3,0,0,'2020-03-27 10:31:31','2020-03-27 10:32:03'),(7,'IT技术',0,0,0,'2020-03-28 12:55:49','2020-03-28 12:55:54'),(8,'电视影音',0,0,0,'2020-03-28 12:56:43','2020-03-28 12:56:45'),(9,'会计杂志',0,0,0,'2020-03-28 12:56:47','2020-03-28 12:56:49'),(10,'家居分类',0,0,0,'2020-03-28 12:56:51','2020-03-28 12:56:53'),(11,'衣服分类',0,0,0,'2020-03-28 12:56:55','2020-03-28 12:56:57'),(12,'电脑键盘',0,0,0,'2020-03-28 12:56:59','2020-03-28 12:57:01'),(13,'神舟电脑',12,0,0,'2020-03-28 12:58:04','2020-03-28 12:58:06'),(14,'人工智能',7,0,0,'2020-03-28 12:58:56','2020-03-28 12:59:12'),(15,'人工智障',14,0,0,'2020-03-28 13:03:31','2020-03-28 13:04:02'),(16,'删除不了',14,0,1,'2020-03-28 13:05:00','2020-03-28 13:09:06'),(17,'电脑儿子3',3,0,1,'2020-03-28 13:44:57','2020-03-28 13:45:08'),(18,'测试修改',4,0,0,'2020-03-31 19:45:47','2020-03-31 19:46:18');

/*Table structure for table `bml_log` */

DROP TABLE IF EXISTS `bml_log`;

CREATE TABLE `bml_log` (
  `id` bigint NOT NULL AUTO_INCREMENT COMMENT '主键',
  `username` varchar(40) DEFAULT NULL COMMENT '用户名',
  `ip` varchar(40) DEFAULT NULL COMMENT '用户IP',
  `os_version` varchar(50) DEFAULT NULL COMMENT '系统信息',
  `browser` varchar(50) DEFAULT NULL COMMENT '浏览器信息',
  `remark` varchar(255) DEFAULT NULL COMMENT '操作的内容 ',
  `operate_url` varchar(100) DEFAULT NULL COMMENT '用户操作的访问地址',
  `deleted` int DEFAULT '0' COMMENT '逻辑删除 默认为0，1为已删除',
  `create_time` datetime DEFAULT NULL COMMENT '创建时间',
  `update_time` datetime DEFAULT NULL COMMENT '更新时间',
  PRIMARY KEY (`id`)
) ENGINE=InnoDB AUTO_INCREMENT=304 DEFAULT CHARSET=utf8 COMMENT='访客所有信息表';

/*Data for the table `bml_log` */

insert  into `bml_log`(`id`,`username`,`ip`,`os_version`,`browser`,`remark`,`operate_url`,`deleted`,`create_time`,`update_time`) values (1,'123','127.0.0.1','windows 10 ','chrome','1','www.baidu.com',0,'2020-03-22 14:23:14','2020-03-22 14:23:16'),(2,'456','12','1','1','1','1',0,'2020-03-22 19:20:31','2020-03-22 19:20:34'),(5,'789','123','456','123456','456','123',0,'2020-03-22 19:41:35','2020-03-22 19:41:37'),(6,'测试','55555','1','1','1','1',0,'2020-03-22 20:49:10','2020-03-22 20:49:13'),(7,'111','111','111','1','1','1',0,'2020-03-23 14:09:55','2020-03-23 14:09:58'),(8,'1','1','1','1','1','1',0,'2020-03-23 14:10:05','2020-03-23 14:10:07'),(13,'1','1','1','1','1','1',0,'2020-03-23 14:12:30','2020-03-23 14:12:32'),(14,'1','1','1','1','1','1',0,'2020-03-23 14:12:53','2020-03-23 14:12:55'),(15,'1','1','1','1','1','1',0,'2020-03-23 14:13:06','2020-03-23 14:13:08'),(16,'1','1','1','1','1','1',0,'2020-03-23 14:13:21','2020-03-23 14:13:23'),(17,'2','2','2','2','2','2',1,'2020-03-23 14:13:31','2020-03-23 14:13:33'),(18,'123456','0:0:0:0:0:0:0:1','Windows 10','Firefox-74.0','adminPages','http://localhost:8080/admin/index',0,'2020-03-23 21:50:53','2020-03-23 21:50:53'),(19,'123456','0:0:0:0:0:0:0:1','Windows 10','Firefox-74.0','getBmlLogCounts','http://localhost:8080/admin/sys/log',0,'2020-03-23 21:50:53','2020-03-23 21:50:53'),(20,'123456','0:0:0:0:0:0:0:1','Windows 10','Firefox-74.0','log','http://localhost:8080/admin/log',0,'2020-03-23 21:51:40','2020-03-23 21:51:40'),(21,'123456','0:0:0:0:0:0:0:1','Windows 10','Firefox-74.0','listAllLog','http://localhost:8080/admin/sys/logs',0,'2020-03-23 21:51:41','2020-03-23 21:51:41'),(22,'123456','0:0:0:0:0:0:0:1','Windows 10','Firefox-74.0','listAllLog','http://localhost:8080/admin/sys/logs',0,'2020-03-23 21:51:43','2020-03-23 21:51:43'),(23,'123456','0:0:0:0:0:0:0:1','Windows 10','Firefox-74.0','adminPages','http://localhost:8080/admin/index',0,'2020-03-30 23:09:21','2020-03-30 23:09:21'),(24,'123456','0:0:0:0:0:0:0:1','Windows 10','Firefox-74.0','console','http://localhost:8080/admin/console',0,'2020-03-30 23:09:22','2020-03-30 23:09:22'),(25,'123456','0:0:0:0:0:0:0:1','Windows 10','Firefox-74.0','getBmlLogCounts','http://localhost:8080/admin/sys/log',0,'2020-03-30 23:09:23','2020-03-30 23:09:23'),(26,'123456','0:0:0:0:0:0:0:1','Windows 10','Firefox-74.0','user','http://localhost:8080/admin/consumer',0,'2020-03-30 23:09:54','2020-03-30 23:09:54'),(27,'123456','0:0:0:0:0:0:0:1','Windows 10','Firefox-74.0','listAllUsers','http://localhost:8080/admin/users',0,'2020-03-30 23:09:55','2020-03-30 23:09:55'),(28,'654321','0:0:0:0:0:0:0:1','Windows 10','Firefox-74.0','adminPages','http://localhost:8080/admin/index',0,'2020-03-30 23:11:28','2020-03-30 23:11:28'),(29,'654321','0:0:0:0:0:0:0:1','Windows 10','Firefox-74.0','console','http://localhost:8080/admin/console',0,'2020-03-30 23:11:28','2020-03-30 23:11:28'),(30,'654321','0:0:0:0:0:0:0:1','Windows 10','Firefox-74.0','getBmlLogCounts','http://localhost:8080/admin/sys/log',0,'2020-03-30 23:11:28','2020-03-30 23:11:28'),(31,'654321','0:0:0:0:0:0:0:1','Windows 10','Firefox-74.0','console','http://localhost:8080/admin/console',0,'2020-03-30 23:11:42','2020-03-30 23:11:42'),(32,'654321','0:0:0:0:0:0:0:1','Windows 10','Firefox-74.0','getBmlLogCounts','http://localhost:8080/admin/sys/log',0,'2020-03-30 23:11:43','2020-03-30 23:11:43'),(33,'654321','0:0:0:0:0:0:0:1','Windows 10','Firefox-74.0','console','http://localhost:8080/admin/console',0,'2020-03-30 23:11:47','2020-03-30 23:11:47'),(34,'654321','0:0:0:0:0:0:0:1','Windows 10','Firefox-74.0','getBmlLogCounts','http://localhost:8080/admin/sys/log',0,'2020-03-30 23:11:48','2020-03-30 23:11:48'),(35,'654321','0:0:0:0:0:0:0:1','Windows 10','Firefox-74.0','console','http://localhost:8080/admin/console',0,'2020-03-30 23:12:07','2020-03-30 23:12:07'),(36,'654321','0:0:0:0:0:0:0:1','Windows 10','Firefox-74.0','getBmlLogCounts','http://localhost:8080/admin/sys/log',0,'2020-03-30 23:12:08','2020-03-30 23:12:08'),(37,'654321','0:0:0:0:0:0:0:1','Windows 10','Firefox-74.0','category','http://localhost:8080/admin/category',0,'2020-03-30 23:12:31','2020-03-30 23:12:31'),(38,'654321','0:0:0:0:0:0:0:1','Windows 10','Firefox-74.0','listAll','http://localhost:8080/admin/category/list',0,'2020-03-30 23:12:32','2020-03-30 23:12:32'),(39,'654321','0:0:0:0:0:0:0:1','Windows 10','Firefox-74.0','work','http://localhost:8080/admin/work',0,'2020-03-30 23:12:34','2020-03-30 23:12:34'),(40,'654321','0:0:0:0:0:0:0:1','Windows 10','Firefox-74.0','list','http://localhost:8080/admin/categories',0,'2020-03-30 23:12:34','2020-03-30 23:12:34'),(41,'654321','0:0:0:0:0:0:0:1','Windows 10','Firefox-74.0','listAllWork','http://localhost:8080/admin/works',0,'2020-03-30 23:12:35','2020-03-30 23:12:35'),(42,'654321','0:0:0:0:0:0:0:1','Windows 10','Firefox-74.0','workAdd','http://localhost:8080/admin/workAdd',0,'2020-03-30 23:12:39','2020-03-30 23:12:39'),(43,'654321','0:0:0:0:0:0:0:1','Windows 10','Firefox-74.0','list','http://localhost:8080/admin/categories',0,'2020-03-30 23:12:39','2020-03-30 23:12:39'),(44,'654321','0:0:0:0:0:0:0:1','Windows 10','Firefox-74.0','log','http://localhost:8080/admin/log',0,'2020-03-30 23:12:47','2020-03-30 23:12:47'),(45,'654321','0:0:0:0:0:0:0:1','Windows 10','Firefox-74.0','listAllLog','http://localhost:8080/admin/sys/logs',0,'2020-03-30 23:12:47','2020-03-30 23:12:47'),(46,'654321','0:0:0:0:0:0:0:1','Windows 10','Firefox-74.0','uiConfiguration','http://localhost:8080/swagger-resources/configuration/ui',0,'2020-03-30 23:12:50','2020-03-30 23:12:50'),(47,'654321','0:0:0:0:0:0:0:1','Windows 10','Firefox-74.0','securityConfiguration','http://localhost:8080/swagger-resources/configuration/security',0,'2020-03-30 23:12:50','2020-03-30 23:12:50'),(48,'654321','0:0:0:0:0:0:0:1','Windows 10','Firefox-74.0','swaggerResources','http://localhost:8080/swagger-resources',0,'2020-03-30 23:12:51','2020-03-30 23:12:51'),(49,'654321','0:0:0:0:0:0:0:1','Windows 10','Firefox-74.0','console','http://localhost:8080/admin/console',0,'2020-03-30 23:13:04','2020-03-30 23:13:04'),(50,'654321','0:0:0:0:0:0:0:1','Windows 10','Firefox-74.0','getBmlLogCounts','http://localhost:8080/admin/sys/log',0,'2020-03-30 23:13:04','2020-03-30 23:13:04'),(51,'654321','0:0:0:0:0:0:0:1','Windows 10','Firefox-74.0','log','http://localhost:8080/admin/log',0,'2020-03-30 23:13:37','2020-03-30 23:13:37'),(52,'654321','0:0:0:0:0:0:0:1','Windows 10','Firefox-74.0','listAllLog','http://localhost:8080/admin/sys/logs',0,'2020-03-30 23:13:38','2020-03-30 23:13:38'),(53,'654321','0:0:0:0:0:0:0:1','Windows 10','Firefox-74.0','listAllLog','http://localhost:8080/admin/sys/logs',0,'2020-03-30 23:13:40','2020-03-30 23:13:40'),(54,'654321','0:0:0:0:0:0:0:1','Windows 10','Firefox-74.0','user','http://localhost:8080/admin/consumer',0,'2020-03-30 23:13:49','2020-03-30 23:13:49'),(55,'654321','0:0:0:0:0:0:0:1','Windows 10','Firefox-74.0','listAllUsers','http://localhost:8080/admin/users',0,'2020-03-30 23:13:49','2020-03-30 23:13:49'),(56,'654321','0:0:0:0:0:0:0:1','Windows 10','Firefox-74.0','user','http://localhost:8080/admin/consumer',0,'2020-03-30 23:15:17','2020-03-30 23:15:17'),(57,'654321','0:0:0:0:0:0:0:1','Windows 10','Firefox-74.0','listAllUsers','http://localhost:8080/admin/users',0,'2020-03-30 23:15:18','2020-03-30 23:15:18'),(58,'654321','0:0:0:0:0:0:0:1','Windows 10','Firefox-74.0','user','http://localhost:8080/admin/consumer',0,'2020-03-30 23:15:33','2020-03-30 23:15:33'),(59,'654321','0:0:0:0:0:0:0:1','Windows 10','Firefox-74.0','listAllUsers','http://localhost:8080/admin/users',0,'2020-03-30 23:15:34','2020-03-30 23:15:34'),(60,'654321','0:0:0:0:0:0:0:1','Windows 10','Firefox-74.0','user','http://localhost:8080/admin/consumer',0,'2020-03-30 23:15:51','2020-03-30 23:15:51'),(61,'654321','0:0:0:0:0:0:0:1','Windows 10','Firefox-74.0','listAllUsers','http://localhost:8080/admin/users',0,'2020-03-30 23:15:52','2020-03-30 23:15:52'),(62,'654321','0:0:0:0:0:0:0:1','Windows 10','Firefox-74.0','log','http://localhost:8080/admin/log',0,'2020-03-30 23:15:55','2020-03-30 23:15:55'),(63,'654321','0:0:0:0:0:0:0:1','Windows 10','Firefox-74.0','listAllLog','http://localhost:8080/admin/sys/logs',0,'2020-03-30 23:15:56','2020-03-30 23:15:56'),(64,'654321','0:0:0:0:0:0:0:1','Windows 10','Firefox-74.0','console','http://localhost:8080/admin/console',0,'2020-03-30 23:16:12','2020-03-30 23:16:12'),(65,'654321','0:0:0:0:0:0:0:1','Windows 10','Firefox-74.0','getBmlLogCounts','http://localhost:8080/admin/sys/log',0,'2020-03-30 23:16:12','2020-03-30 23:16:12'),(66,'654321','0:0:0:0:0:0:0:1','Windows 10','Firefox-74.0','userInfo','http://localhost:8080/admin/userInfo',0,'2020-03-30 23:16:42','2020-03-30 23:16:42'),(67,'654321','0:0:0:0:0:0:0:1','Windows 10','Firefox-74.0','updateUser','http://localhost:8080/admin/user',0,'2020-03-30 23:17:01','2020-03-30 23:17:01'),(68,'654321','0:0:0:0:0:0:0:1','Windows 10','Firefox-74.0','userInfo','http://localhost:8080/admin/userInfo',0,'2020-03-30 23:17:03','2020-03-30 23:17:03'),(69,'654321','0:0:0:0:0:0:0:1','Windows 10','Firefox-74.0','console','http://localhost:8080/admin/console',0,'2020-03-30 23:17:07','2020-03-30 23:17:07'),(70,'654321','0:0:0:0:0:0:0:1','Windows 10','Firefox-74.0','getBmlLogCounts','http://localhost:8080/admin/sys/log',0,'2020-03-30 23:17:08','2020-03-30 23:17:08'),(71,'654321','0:0:0:0:0:0:0:1','Windows 10','Firefox-74.0','userInfo','http://localhost:8080/admin/userInfo',0,'2020-03-30 23:17:09','2020-03-30 23:17:09'),(72,'654321','0:0:0:0:0:0:0:1','Windows 10','Firefox-74.0','adminPages','http://localhost:8080/admin/index',0,'2020-03-30 23:26:54','2020-03-30 23:26:54'),(73,'654321','0:0:0:0:0:0:0:1','Windows 10','Firefox-74.0','userInfo','http://localhost:8080/admin/userInfo',0,'2020-03-30 23:26:54','2020-03-30 23:26:54'),(74,'654321','0:0:0:0:0:0:0:1','Windows 10','Firefox-74.0','console','http://localhost:8080/admin/console',0,'2020-03-30 23:26:54','2020-03-30 23:26:54'),(75,'654321','0:0:0:0:0:0:0:1','Windows 10','Firefox-74.0','getBmlLogCounts','http://localhost:8080/admin/sys/log',0,'2020-03-30 23:26:55','2020-03-30 23:26:55'),(76,'654321','0:0:0:0:0:0:0:1','Windows 10','Firefox-74.0','adminPages','http://localhost:8080/admin/index',0,'2020-03-30 23:27:29','2020-03-30 23:27:29'),(77,'654321','0:0:0:0:0:0:0:1','Windows 10','Firefox-74.0','console','http://localhost:8080/admin/console',0,'2020-03-30 23:27:29','2020-03-30 23:27:29'),(78,'654321','0:0:0:0:0:0:0:1','Windows 10','Firefox-74.0','getBmlLogCounts','http://localhost:8080/admin/sys/log',0,'2020-03-30 23:27:30','2020-03-30 23:27:30'),(79,'654321','0:0:0:0:0:0:0:1','Windows 10','Firefox-74.0','adminPages','http://localhost:8080/admin/index',0,'2020-03-30 23:27:42','2020-03-30 23:27:42'),(80,'654321','0:0:0:0:0:0:0:1','Windows 10','Firefox-74.0','console','http://localhost:8080/admin/console',0,'2020-03-30 23:27:43','2020-03-30 23:27:43'),(81,'654321','0:0:0:0:0:0:0:1','Windows 10','Firefox-74.0','getBmlLogCounts','http://localhost:8080/admin/sys/log',0,'2020-03-30 23:27:44','2020-03-30 23:27:44'),(82,'654321','0:0:0:0:0:0:0:1','Windows 10','Firefox-74.0','userInfo','http://localhost:8080/admin/userInfo',0,'2020-03-30 23:27:52','2020-03-30 23:27:52'),(83,'654321','0:0:0:0:0:0:0:1','Windows 10','Firefox-74.0','updateUser','http://localhost:8080/admin/user',0,'2020-03-30 23:28:12','2020-03-30 23:28:12'),(84,'654321','0:0:0:0:0:0:0:1','Windows 10','Firefox-74.0','userInfo','http://localhost:8080/admin/userInfo',0,'2020-03-30 23:28:13','2020-03-30 23:28:13'),(85,'654321','0:0:0:0:0:0:0:1','Windows 10','Firefox-74.0','userInfo','http://localhost:8080/admin/userInfo',0,'2020-03-30 23:28:17','2020-03-30 23:28:17'),(86,'654321','0:0:0:0:0:0:0:1','Windows 10','Firefox-74.0','userInfo','http://localhost:8080/admin/userInfo',0,'2020-03-30 23:28:19','2020-03-30 23:28:19'),(87,'654321','0:0:0:0:0:0:0:1','Windows 10','Firefox-74.0','userInfo','http://localhost:8080/admin/userInfo',0,'2020-03-30 23:28:20','2020-03-30 23:28:20'),(88,'654321','0:0:0:0:0:0:0:1','Windows 10','Firefox-74.0','userInfo','http://localhost:8080/admin/userInfo',0,'2020-03-30 23:28:21','2020-03-30 23:28:21'),(89,'123456','0:0:0:0:0:0:0:1','Windows 10','Firefox-74.0','adminPages','http://localhost:8080/admin/index',0,'2020-03-31 13:31:23','2020-03-31 13:31:23'),(90,'123456','0:0:0:0:0:0:0:1','Windows 10','Firefox-74.0','console','http://localhost:8080/admin/console',0,'2020-03-31 13:31:24','2020-03-31 13:31:24'),(91,'123456','0:0:0:0:0:0:0:1','Windows 10','Firefox-74.0','getBmlLogCounts','http://localhost:8080/admin/sys/log',0,'2020-03-31 13:31:25','2020-03-31 13:31:25'),(92,'123456','0:0:0:0:0:0:0:1','Windows 10','Firefox-74.0','logout','http://localhost:8080/logout',0,'2020-03-31 13:31:48','2020-03-31 13:31:48'),(93,'123456','0:0:0:0:0:0:0:1','Windows 10','Firefox-74.0','adminPages','http://localhost:8080/admin/index',0,'2020-03-31 15:14:02','2020-03-31 15:14:02'),(94,'123456','0:0:0:0:0:0:0:1','Windows 10','Firefox-74.0','console','http://localhost:8080/admin/console',0,'2020-03-31 15:14:02','2020-03-31 15:14:02'),(95,'123456','0:0:0:0:0:0:0:1','Windows 10','Firefox-74.0','getBmlLogCounts','http://localhost:8080/admin/sys/log',0,'2020-03-31 15:14:03','2020-03-31 15:14:03'),(96,'123456','0:0:0:0:0:0:0:1','Windows 10','Firefox-74.0','console','http://localhost:8080/admin/console',0,'2020-03-31 15:14:42','2020-03-31 15:14:42'),(97,'123456','0:0:0:0:0:0:0:1','Windows 10','Firefox-74.0','getBmlLogCounts','http://localhost:8080/admin/sys/log',0,'2020-03-31 15:14:42','2020-03-31 15:14:42'),(98,'123456','0:0:0:0:0:0:0:1','Windows 10','Firefox-74.0','adminPages','http://localhost:8080/admin/index',0,'2020-03-31 15:15:38','2020-03-31 15:15:38'),(99,'123456','0:0:0:0:0:0:0:1','Windows 10','Firefox-74.0','console','http://localhost:8080/admin/console',0,'2020-03-31 15:15:38','2020-03-31 15:15:38'),(100,'123456','0:0:0:0:0:0:0:1','Windows 10','Firefox-74.0','getBmlLogCounts','http://localhost:8080/admin/sys/log',0,'2020-03-31 15:15:39','2020-03-31 15:15:39'),(101,'123456','0:0:0:0:0:0:0:1','Windows 10','Firefox-74.0','adminPages','http://localhost:8080/admin/index',0,'2020-03-31 15:16:18','2020-03-31 15:16:18'),(102,'123456','0:0:0:0:0:0:0:1','Windows 10','Firefox-74.0','console','http://localhost:8080/admin/console',0,'2020-03-31 15:16:18','2020-03-31 15:16:18'),(103,'123456','0:0:0:0:0:0:0:1','Windows 10','Firefox-74.0','getBmlLogCounts','http://localhost:8080/admin/sys/log',0,'2020-03-31 15:16:19','2020-03-31 15:16:19'),(104,'123456','0:0:0:0:0:0:0:1','Windows 10','Firefox-74.0','adminPages','http://localhost:8080/admin/index',0,'2020-03-31 15:19:49','2020-03-31 15:19:49'),(105,'123456','0:0:0:0:0:0:0:1','Windows 10','Firefox-74.0','console','http://localhost:8080/admin/console',0,'2020-03-31 15:19:50','2020-03-31 15:19:50'),(106,'123456','0:0:0:0:0:0:0:1','Windows 10','Firefox-74.0','getBmlLogCounts','http://localhost:8080/admin/sys/log',0,'2020-03-31 15:19:51','2020-03-31 15:19:51'),(107,'123456','0:0:0:0:0:0:0:1','Windows 10','Firefox-74.0','adminPages','http://localhost:8080/admin/index',0,'2020-03-31 15:20:35','2020-03-31 15:20:35'),(108,'123456','0:0:0:0:0:0:0:1','Windows 10','Firefox-74.0','console','http://localhost:8080/admin/console',0,'2020-03-31 15:20:36','2020-03-31 15:20:36'),(109,'123456','0:0:0:0:0:0:0:1','Windows 10','Firefox-74.0','getBmlLogCounts','http://localhost:8080/admin/sys/log',0,'2020-03-31 15:20:39','2020-03-31 15:20:39'),(110,'123456','0:0:0:0:0:0:0:1','Windows 10','Firefox-74.0','userInfo','http://localhost:8080/admin/userInfo',0,'2020-03-31 15:20:47','2020-03-31 15:20:47'),(111,'123456','0:0:0:0:0:0:0:1','Windows 10','Firefox-74.0','userInfo','http://localhost:8080/admin/userInfo',0,'2020-03-31 15:21:09','2020-03-31 15:21:09'),(112,'123456','0:0:0:0:0:0:0:1','Windows 10','Firefox-74.0','adminPages','http://localhost:8080/admin/index',0,'2020-03-31 15:22:22','2020-03-31 15:22:22'),(113,'123456','0:0:0:0:0:0:0:1','Windows 10','Firefox-74.0','console','http://localhost:8080/admin/console',0,'2020-03-31 15:22:23','2020-03-31 15:22:23'),(114,'123456','0:0:0:0:0:0:0:1','Windows 10','Firefox-74.0','getBmlLogCounts','http://localhost:8080/admin/sys/log',0,'2020-03-31 15:22:23','2020-03-31 15:22:23'),(115,'123456','0:0:0:0:0:0:0:1','Windows 10','Firefox-74.0','userInfo','http://localhost:8080/admin/userInfo',0,'2020-03-31 15:25:12','2020-03-31 15:25:12'),(116,'123456','0:0:0:0:0:0:0:1','Windows 10','Firefox-74.0','updatePassword','http://localhost:8080/admin/user/password',0,'2020-03-31 15:25:23','2020-03-31 15:25:23'),(117,'123456','0:0:0:0:0:0:0:1','Windows 10','Firefox-74.0','updatePassword','http://localhost:8080/admin/user/password',0,'2020-03-31 15:25:25','2020-03-31 15:25:25'),(118,'123456','0:0:0:0:0:0:0:1','Windows 10','Firefox-74.0','adminPages','http://localhost:8080/admin/index',0,'2020-03-31 15:26:29','2020-03-31 15:26:29'),(119,'123456','0:0:0:0:0:0:0:1','Windows 10','Firefox-74.0','console','http://localhost:8080/admin/console',0,'2020-03-31 15:26:29','2020-03-31 15:26:29'),(120,'123456','0:0:0:0:0:0:0:1','Windows 10','Firefox-74.0','getBmlLogCounts','http://localhost:8080/admin/sys/log',0,'2020-03-31 15:26:30','2020-03-31 15:26:30'),(121,'123456','0:0:0:0:0:0:0:1','Windows 10','Firefox-74.0','adminPages','http://localhost:8080/admin/index',0,'2020-03-31 15:27:01','2020-03-31 15:27:01'),(122,'123456','0:0:0:0:0:0:0:1','Windows 10','Firefox-74.0','console','http://localhost:8080/admin/console',0,'2020-03-31 15:27:01','2020-03-31 15:27:01'),(123,'123456','0:0:0:0:0:0:0:1','Windows 10','Firefox-74.0','getBmlLogCounts','http://localhost:8080/admin/sys/log',0,'2020-03-31 15:27:02','2020-03-31 15:27:02'),(124,'123456','0:0:0:0:0:0:0:1','Windows 10','Firefox-74.0','userInfo','http://localhost:8080/admin/userInfo',0,'2020-03-31 15:27:19','2020-03-31 15:27:19'),(125,'123456','0:0:0:0:0:0:0:1','Windows 10','Firefox-74.0','adminPages','http://localhost:8080/admin/index',0,'2020-03-31 15:30:44','2020-03-31 15:30:44'),(126,'123456','0:0:0:0:0:0:0:1','Windows 10','Firefox-74.0','console','http://localhost:8080/admin/console',0,'2020-03-31 15:30:44','2020-03-31 15:30:44'),(127,'123456','0:0:0:0:0:0:0:1','Windows 10','Firefox-74.0','getBmlLogCounts','http://localhost:8080/admin/sys/log',0,'2020-03-31 15:30:44','2020-03-31 15:30:44'),(128,'123456','0:0:0:0:0:0:0:1','Windows 10','Firefox-74.0','updatePassword','http://localhost:8080/admin/user/password',0,'2020-03-31 15:33:09','2020-03-31 15:33:09'),(129,'123456','0:0:0:0:0:0:0:1','Windows 10','Firefox-74.0','updatePassword','http://localhost:8080/admin/user/password',0,'2020-03-31 15:33:23','2020-03-31 15:33:23'),(130,'555555','0:0:0:0:0:0:0:1','Windows 10','Firefox-74.0','adminPages','http://localhost:8080/admin/index',0,'2020-03-31 15:47:21','2020-03-31 15:47:21'),(131,'555555','0:0:0:0:0:0:0:1','Windows 10','Firefox-74.0','console','http://localhost:8080/admin/console',0,'2020-03-31 15:47:22','2020-03-31 15:47:22'),(132,'555555','0:0:0:0:0:0:0:1','Windows 10','Firefox-74.0','getBmlLogCounts','http://localhost:8080/admin/sys/log',0,'2020-03-31 15:47:22','2020-03-31 15:47:22'),(133,'555555','0:0:0:0:0:0:0:1','Windows 10','Firefox-74.0','userInfo','http://localhost:8080/admin/userInfo',0,'2020-03-31 15:47:27','2020-03-31 15:47:27'),(134,'555555','0:0:0:0:0:0:0:1','Windows 10','Firefox-74.0','updateUser','http://localhost:8080/admin/user',0,'2020-03-31 15:47:35','2020-03-31 15:47:35'),(135,'555555','0:0:0:0:0:0:0:1','Windows 10','Firefox-74.0','userInfo','http://localhost:8080/admin/userInfo',0,'2020-03-31 15:47:40','2020-03-31 15:47:40'),(136,'555555','0:0:0:0:0:0:0:1','Windows 10','Firefox-74.0','userInfo','http://localhost:8080/admin/userInfo',0,'2020-03-31 15:47:41','2020-03-31 15:47:41'),(137,'555555','0:0:0:0:0:0:0:1','Windows 10','Firefox-74.0','logout','http://localhost:8080/logout',0,'2020-03-31 15:47:45','2020-03-31 15:47:45'),(138,'555555','0:0:0:0:0:0:0:1','Windows 10','Firefox-74.0','adminPages','http://localhost:8080/admin/index',0,'2020-03-31 15:47:53','2020-03-31 15:47:53'),(139,'555555','0:0:0:0:0:0:0:1','Windows 10','Firefox-74.0','console','http://localhost:8080/admin/console',0,'2020-03-31 15:47:54','2020-03-31 15:47:54'),(140,'555555','0:0:0:0:0:0:0:1','Windows 10','Firefox-74.0','getBmlLogCounts','http://localhost:8080/admin/sys/log',0,'2020-03-31 15:47:54','2020-03-31 15:47:54'),(141,'555555','0:0:0:0:0:0:0:1','Windows 10','Firefox-74.0','updatePassword','http://localhost:8080/admin/user/password',0,'2020-03-31 15:48:50','2020-03-31 15:48:50'),(142,'555555','0:0:0:0:0:0:0:1','Windows 10','Firefox-74.0','updatePassword','http://localhost:8080/admin/user/password',0,'2020-03-31 15:49:02','2020-03-31 15:49:02'),(143,'555555','0:0:0:0:0:0:0:1','Windows 10','Firefox-74.0','console','http://localhost:8080/admin/console',0,'2020-03-31 15:49:59','2020-03-31 15:49:59'),(144,'555555','0:0:0:0:0:0:0:1','Windows 10','Firefox-74.0','getBmlLogCounts','http://localhost:8080/admin/sys/log',0,'2020-03-31 15:50:00','2020-03-31 15:50:00'),(145,'555555','0:0:0:0:0:0:0:1','Windows 10','Firefox-74.0','updatePassword','http://localhost:8080/admin/user/password',0,'2020-03-31 15:50:16','2020-03-31 15:50:16'),(146,'555555','0:0:0:0:0:0:0:1','Windows 10','Firefox-74.0','adminPages','http://localhost:8080/admin/index',0,'2020-03-31 15:51:53','2020-03-31 15:51:53'),(147,'555555','0:0:0:0:0:0:0:1','Windows 10','Firefox-74.0','console','http://localhost:8080/admin/console',0,'2020-03-31 15:51:54','2020-03-31 15:51:54'),(148,'555555','0:0:0:0:0:0:0:1','Windows 10','Firefox-74.0','getBmlLogCounts','http://localhost:8080/admin/sys/log',0,'2020-03-31 15:51:55','2020-03-31 15:51:55'),(149,'555555','0:0:0:0:0:0:0:1','Windows 10','Firefox-74.0','updatePassword','http://localhost:8080/admin/user/password',0,'2020-03-31 15:52:14','2020-03-31 15:52:14'),(150,'555555','0:0:0:0:0:0:0:1','Windows 10','Firefox-74.0','adminPages','http://localhost:8080/admin/index',0,'2020-03-31 15:52:16','2020-03-31 15:52:16'),(151,'555555','0:0:0:0:0:0:0:1','Windows 10','Firefox-74.0','console','http://localhost:8080/admin/console',0,'2020-03-31 15:52:16','2020-03-31 15:52:16'),(152,'555555','0:0:0:0:0:0:0:1','Windows 10','Firefox-74.0','getBmlLogCounts','http://localhost:8080/admin/sys/log',0,'2020-03-31 15:52:17','2020-03-31 15:52:17'),(153,'123456','0:0:0:0:0:0:0:1','Windows 10','Firefox-74.0','adminPages','http://localhost:8080/admin/index',0,'2020-04-05 17:10:58','2020-04-05 17:10:58'),(154,'123456','0:0:0:0:0:0:0:1','Windows 10','Firefox-74.0','console','http://localhost:8080/admin/console',0,'2020-04-05 17:10:59','2020-04-05 17:10:59'),(155,'123456','0:0:0:0:0:0:0:1','Windows 10','Firefox-74.0','getBmlLogCounts','http://localhost:8080/admin/sys/log',0,'2020-04-05 17:11:02','2020-04-05 17:11:02'),(156,'123456','0:0:0:0:0:0:0:1','Windows 10','Firefox-74.0','console','http://localhost:8080/admin/console',0,'2020-04-05 17:11:14','2020-04-05 17:11:14'),(157,'123456','0:0:0:0:0:0:0:1','Windows 10','Firefox-74.0','getBmlLogCounts','http://localhost:8080/admin/sys/log',0,'2020-04-05 17:11:14','2020-04-05 17:11:14'),(158,'123456','0:0:0:0:0:0:0:1','Windows 10','Firefox-74.0','user','http://localhost:8080/admin/consumer',0,'2020-04-05 17:11:40','2020-04-05 17:11:40'),(159,'123456','0:0:0:0:0:0:0:1','Windows 10','Firefox-74.0','listAllUsers','http://localhost:8080/admin/users',0,'2020-04-05 17:11:41','2020-04-05 17:11:41'),(160,'123456','0:0:0:0:0:0:0:1','Windows 10','Firefox-74.0','role','http://localhost:8080/admin/role',0,'2020-04-05 17:11:46','2020-04-05 17:11:46'),(161,'123456','0:0:0:0:0:0:0:1','Windows 10','Firefox-74.0','list','http://localhost:8080/admin/user/permission',0,'2020-04-05 17:11:47','2020-04-05 17:11:47'),(162,'123456','0:0:0:0:0:0:0:1','Windows 10','Firefox-74.0','listAllLog','http://localhost:8080/admin/user/roles',0,'2020-04-05 17:11:48','2020-04-05 17:11:48'),(163,'123456','0:0:0:0:0:0:0:1','Windows 10','Firefox-74.0','permission','http://localhost:8080/admin/permission',0,'2020-04-05 17:12:06','2020-04-05 17:12:06'),(164,'123456','0:0:0:0:0:0:0:1','Windows 10','Firefox-74.0','list','http://localhost:8080/admin/user/permission',0,'2020-04-05 17:12:06','2020-04-05 17:12:06'),(165,'123456','0:0:0:0:0:0:0:1','Windows 10','Firefox-74.0','updateById','http://localhost:8080/admin/user/permission',0,'2020-04-05 17:12:22','2020-04-05 17:12:22'),(166,'123456','0:0:0:0:0:0:0:1','Windows 10','Firefox-74.0','updateById','http://localhost:8080/admin/user/permission',0,'2020-04-05 17:12:22','2020-04-05 17:12:22'),(167,'123456','0:0:0:0:0:0:0:1','Windows 10','Firefox-74.0','updateById','http://localhost:8080/admin/user/permission',0,'2020-04-05 17:12:22','2020-04-05 17:12:22'),(168,'123456','0:0:0:0:0:0:0:1','Windows 10','Firefox-74.0','updateById','http://localhost:8080/admin/user/permission',0,'2020-04-05 17:12:22','2020-04-05 17:12:22'),(169,'123456','0:0:0:0:0:0:0:1','Windows 10','Firefox-74.0','updateById','http://localhost:8080/admin/user/permission',0,'2020-04-05 17:12:22','2020-04-05 17:12:22'),(170,'123456','0:0:0:0:0:0:0:1','Windows 10','Firefox-74.0','list','http://localhost:8080/admin/user/permission',0,'2020-04-05 17:12:24','2020-04-05 17:12:24'),(171,'123456','0:0:0:0:0:0:0:1','Windows 10','Firefox-74.0','list','http://localhost:8080/admin/user/permission',0,'2020-04-05 17:12:24','2020-04-05 17:12:24'),(172,'123456','0:0:0:0:0:0:0:1','Windows 10','Firefox-74.0','list','http://localhost:8080/admin/user/permission',0,'2020-04-05 17:12:24','2020-04-05 17:12:24'),(173,'123456','0:0:0:0:0:0:0:1','Windows 10','Firefox-74.0','list','http://localhost:8080/admin/user/permission',0,'2020-04-05 17:12:24','2020-04-05 17:12:24'),(174,'123456','0:0:0:0:0:0:0:1','Windows 10','Firefox-74.0','list','http://localhost:8080/admin/user/permission',0,'2020-04-05 17:12:24','2020-04-05 17:12:24'),(175,'123456','0:0:0:0:0:0:0:1','Windows 10','Firefox-74.0','category','http://localhost:8080/admin/category',0,'2020-04-05 17:12:41','2020-04-05 17:12:41'),(176,'123456','0:0:0:0:0:0:0:1','Windows 10','Firefox-74.0','listAll','http://localhost:8080/admin/category/list',0,'2020-04-05 17:12:42','2020-04-05 17:12:42'),(177,'123456','0:0:0:0:0:0:0:1','Windows 10','Firefox-74.0','work','http://localhost:8080/admin/work',0,'2020-04-05 17:12:45','2020-04-05 17:12:45'),(178,'123456','0:0:0:0:0:0:0:1','Windows 10','Firefox-74.0','list','http://localhost:8080/admin/works',0,'2020-04-05 17:12:46','2020-04-05 17:12:46'),(179,'123456','0:0:0:0:0:0:0:1','Windows 10','Firefox-74.0','listAllWork','http://localhost:8080/admin/works',0,'2020-04-05 17:12:47','2020-04-05 17:12:47'),(180,'123456','0:0:0:0:0:0:0:1','Windows 10','Firefox-74.0','getWork','http://localhost:8080/admin/work/1',0,'2020-04-05 17:12:53','2020-04-05 17:12:53'),(181,'123456','0:0:0:0:0:0:0:1','Windows 10','Firefox-74.0','getWorkMd','http://localhost:8080/admin/markdown/1',0,'2020-04-05 17:12:55','2020-04-05 17:12:55'),(182,'123456','0:0:0:0:0:0:0:1','Windows 10','Firefox-74.0','workAdd','http://localhost:8080/admin/workAdd',0,'2020-04-05 17:13:03','2020-04-05 17:13:03'),(183,'123456','0:0:0:0:0:0:0:1','Windows 10','Firefox-74.0','list','http://localhost:8080/admin/categories',0,'2020-04-05 17:13:03','2020-04-05 17:13:03'),(184,'123456','0:0:0:0:0:0:0:1','Windows 10','Firefox-74.0','log','http://localhost:8080/admin/log',0,'2020-04-05 17:13:10','2020-04-05 17:13:10'),(185,'123456','0:0:0:0:0:0:0:1','Windows 10','Firefox-74.0','listAllLog','http://localhost:8080/admin/sys/logs',0,'2020-04-05 17:13:10','2020-04-05 17:13:10'),(186,'123456','0:0:0:0:0:0:0:1','Windows 10','Firefox-74.0','listAllLog','http://localhost:8080/admin/sys/logs',0,'2020-04-05 17:13:13','2020-04-05 17:13:13'),(187,'123456','0:0:0:0:0:0:0:1','Windows 10','Firefox-74.0','uiConfiguration','http://localhost:8080/swagger-resources/configuration/ui',0,'2020-04-05 17:13:17','2020-04-05 17:13:17'),(188,'123456','0:0:0:0:0:0:0:1','Windows 10','Firefox-74.0','securityConfiguration','http://localhost:8080/swagger-resources/configuration/security',0,'2020-04-05 17:13:18','2020-04-05 17:13:18'),(189,'123456','0:0:0:0:0:0:0:1','Windows 10','Firefox-74.0','swaggerResources','http://localhost:8080/swagger-resources',0,'2020-04-05 17:13:18','2020-04-05 17:13:18'),(190,'123456','0:0:0:0:0:0:0:1','Windows 10','Firefox-74.0','uiConfiguration','http://localhost:8080/swagger-resources/configuration/ui',0,'2020-04-05 17:14:03','2020-04-05 17:14:03'),(191,'123456','0:0:0:0:0:0:0:1','Windows 10','Firefox-74.0','securityConfiguration','http://localhost:8080/swagger-resources/configuration/security',0,'2020-04-05 17:14:03','2020-04-05 17:14:03'),(192,'123456','0:0:0:0:0:0:0:1','Windows 10','Firefox-74.0','swaggerResources','http://localhost:8080/swagger-resources',0,'2020-04-05 17:14:03','2020-04-05 17:14:03'),(193,'123456','0:0:0:0:0:0:0:1','Windows 10','Firefox-74.0','log','http://localhost:8080/admin/log',0,'2020-04-05 17:14:27','2020-04-05 17:14:27'),(194,'123456','0:0:0:0:0:0:0:1','Windows 10','Firefox-74.0','listAllLog','http://localhost:8080/admin/sys/logs',0,'2020-04-05 17:14:28','2020-04-05 17:14:28'),(195,'123456','0:0:0:0:0:0:0:1','Windows 10','Firefox-74.0','log','http://localhost:8080/admin/log',0,'2020-04-05 17:14:32','2020-04-05 17:14:32'),(196,'123456','0:0:0:0:0:0:0:1','Windows 10','Firefox-74.0','listAllLog','http://localhost:8080/admin/sys/logs',0,'2020-04-05 17:14:33','2020-04-05 17:14:33'),(197,'123456','0:0:0:0:0:0:0:1','Windows 10','Firefox-74.0','log','http://localhost:8080/admin/log',0,'2020-04-05 17:14:37','2020-04-05 17:14:37'),(198,'123456','0:0:0:0:0:0:0:1','Windows 10','Firefox-74.0','listAllLog','http://localhost:8080/admin/sys/logs',0,'2020-04-05 17:14:37','2020-04-05 17:14:37'),(199,'123456','0:0:0:0:0:0:0:1','Windows 10','Firefox-74.0','workAdd','http://localhost:8080/admin/workAdd',0,'2020-04-05 17:14:41','2020-04-05 17:14:41'),(200,'123456','0:0:0:0:0:0:0:1','Windows 10','Firefox-74.0','list','http://localhost:8080/admin/categories',0,'2020-04-05 17:14:41','2020-04-05 17:14:41'),(201,'123456','0:0:0:0:0:0:0:1','Windows 10','Firefox-74.0','work','http://localhost:8080/admin/work',0,'2020-04-05 17:14:48','2020-04-05 17:14:48'),(202,'123456','0:0:0:0:0:0:0:1','Windows 10','Firefox-74.0','list','http://localhost:8080/admin/categories',0,'2020-04-05 17:14:48','2020-04-05 17:14:48'),(203,'123456','0:0:0:0:0:0:0:1','Windows 10','Firefox-74.0','listAllWork','http://localhost:8080/admin/works',0,'2020-04-05 17:14:48','2020-04-05 17:14:48'),(204,'123456','0:0:0:0:0:0:0:1','Windows 10','Firefox-74.0','category','http://localhost:8080/admin/category',0,'2020-04-05 17:14:52','2020-04-05 17:14:52'),(205,'123456','0:0:0:0:0:0:0:1','Windows 10','Firefox-74.0','listAll','http://localhost:8080/admin/category/list',0,'2020-04-05 17:14:53','2020-04-05 17:14:53'),(206,'123456','0:0:0:0:0:0:0:1','Windows 10','Firefox-74.0','uiConfiguration','http://localhost:8080/swagger-resources/configuration/ui',0,'2020-04-05 17:14:57','2020-04-05 17:14:57'),(207,'123456','0:0:0:0:0:0:0:1','Windows 10','Firefox-74.0','securityConfiguration','http://localhost:8080/swagger-resources/configuration/security',0,'2020-04-05 17:14:57','2020-04-05 17:14:57'),(208,'123456','0:0:0:0:0:0:0:1','Windows 10','Firefox-74.0','swaggerResources','http://localhost:8080/swagger-resources',0,'2020-04-05 17:14:57','2020-04-05 17:14:57'),(209,'123456','0:0:0:0:0:0:0:1','Windows 10','Firefox-74.0','log','http://localhost:8080/admin/log',0,'2020-04-05 17:15:23','2020-04-05 17:15:23'),(210,'123456','0:0:0:0:0:0:0:1','Windows 10','Firefox-74.0','listAllLog','http://localhost:8080/admin/sys/logs',0,'2020-04-05 17:15:24','2020-04-05 17:15:24'),(211,'123456','0:0:0:0:0:0:0:1','Windows 10','Firefox-74.0','listAllLog','http://localhost:8080/admin/sys/logs',0,'2020-04-05 17:15:25','2020-04-05 17:15:25'),(212,'123456','0:0:0:0:0:0:0:1','Windows 10','Firefox-74.0','listAllLog','http://localhost:8080/admin/sys/logs',0,'2020-04-05 17:15:30','2020-04-05 17:15:30'),(213,'123456','0:0:0:0:0:0:0:1','Windows 10','Firefox-74.0','adminPages','http://localhost:8080/admin/index',0,'2020-04-05 17:24:54','2020-04-05 17:24:54'),(214,'123456','0:0:0:0:0:0:0:1','Windows 10','Firefox-74.0','console','http://localhost:8080/admin/console',0,'2020-04-05 17:24:54','2020-04-05 17:24:54'),(215,'123456','0:0:0:0:0:0:0:1','Windows 10','Firefox-74.0','getBmlLogCounts','http://localhost:8080/admin/sys/log',0,'2020-04-05 17:24:55','2020-04-05 17:24:55'),(216,'123456','0:0:0:0:0:0:0:1','Windows 10','Firefox-74.0','adminPages','http://localhost:8080/admin/index',0,'2020-04-05 17:35:18','2020-04-05 17:35:18'),(217,'123456','0:0:0:0:0:0:0:1','Windows 10','Firefox-74.0','console','http://localhost:8080/admin/console',0,'2020-04-05 17:35:18','2020-04-05 17:35:18'),(218,'123456','0:0:0:0:0:0:0:1','Windows 10','Firefox-74.0','getBmlLogCounts','http://localhost:8080/admin/sys/log',0,'2020-04-05 17:35:19','2020-04-05 17:35:19'),(219,'123456','0:0:0:0:0:0:0:1','Windows 10','Firefox-74.0','uiConfiguration','http://localhost:8080/swagger-resources/configuration/ui',0,'2020-04-05 17:35:24','2020-04-05 17:35:24'),(220,'123456','0:0:0:0:0:0:0:1','Windows 10','Firefox-74.0','securityConfiguration','http://localhost:8080/swagger-resources/configuration/security',0,'2020-04-05 17:35:24','2020-04-05 17:35:24'),(221,'123456','0:0:0:0:0:0:0:1','Windows 10','Firefox-74.0','swaggerResources','http://localhost:8080/swagger-resources',0,'2020-04-05 17:35:24','2020-04-05 17:35:24'),(222,'123456','0:0:0:0:0:0:0:1','Windows 10','Firefox-74.0','log','http://localhost:8080/admin/log',0,'2020-04-05 17:36:36','2020-04-05 17:36:36'),(223,'123456','0:0:0:0:0:0:0:1','Windows 10','Firefox-74.0','listAllLog','http://localhost:8080/admin/sys/logs',0,'2020-04-05 17:36:37','2020-04-05 17:36:37'),(224,'123456','0:0:0:0:0:0:0:1','Windows 10','Firefox-74.0','log','http://localhost:8080/admin/log',0,'2020-04-05 17:36:42','2020-04-05 17:36:42'),(225,'123456','0:0:0:0:0:0:0:1','Windows 10','Firefox-74.0','listAllLog','http://localhost:8080/admin/sys/logs',0,'2020-04-05 17:36:43','2020-04-05 17:36:43'),(226,'123456','0:0:0:0:0:0:0:1','Windows 10','Firefox-74.0','workAdd','http://localhost:8080/admin/workAdd',0,'2020-04-05 17:36:48','2020-04-05 17:36:48'),(227,'123456','0:0:0:0:0:0:0:1','Windows 10','Firefox-74.0','list','http://localhost:8080/admin/categories',0,'2020-04-05 17:36:48','2020-04-05 17:36:48'),(228,'123456','0:0:0:0:0:0:0:1','Windows 10','Firefox-74.0','work','http://localhost:8080/admin/work',0,'2020-04-05 17:36:52','2020-04-05 17:36:52'),(229,'123456','0:0:0:0:0:0:0:1','Windows 10','Firefox-74.0','list','http://localhost:8080/admin/categories',0,'2020-04-05 17:36:53','2020-04-05 17:36:53'),(230,'123456','0:0:0:0:0:0:0:1','Windows 10','Firefox-74.0','listAllWork','http://localhost:8080/admin/works',0,'2020-04-05 17:36:53','2020-04-05 17:36:53'),(231,'123456','0:0:0:0:0:0:0:1','Windows 10','Firefox-74.0','category','http://localhost:8080/admin/category',0,'2020-04-05 17:36:55','2020-04-05 17:36:55'),(232,'123456','0:0:0:0:0:0:0:1','Windows 10','Firefox-74.0','listAll','http://localhost:8080/admin/category/list',0,'2020-04-05 17:36:55','2020-04-05 17:36:55'),(233,'123456','0:0:0:0:0:0:0:1','Windows 10','Firefox-74.0','userInfo','http://localhost:8080/admin/userInfo',0,'2020-04-05 17:36:59','2020-04-05 17:36:59'),(234,'123456','0:0:0:0:0:0:0:1','Windows 10','Firefox-74.0','user','http://localhost:8080/admin/consumer',0,'2020-04-05 17:37:04','2020-04-05 17:37:04'),(235,'123456','0:0:0:0:0:0:0:1','Windows 10','Firefox-74.0','listAllUsers','http://localhost:8080/admin/users',0,'2020-04-05 17:37:05','2020-04-05 17:37:05'),(236,'123456','0:0:0:0:0:0:0:1','Windows 10','Firefox-74.0','role','http://localhost:8080/admin/role',0,'2020-04-05 17:37:07','2020-04-05 17:37:07'),(237,'123456','0:0:0:0:0:0:0:1','Windows 10','Firefox-74.0','list','http://localhost:8080/admin/user/permission',0,'2020-04-05 17:37:07','2020-04-05 17:37:07'),(238,'123456','0:0:0:0:0:0:0:1','Windows 10','Firefox-74.0','listAllLog','http://localhost:8080/admin/user/roles',0,'2020-04-05 17:37:07','2020-04-05 17:37:07'),(239,'123456','0:0:0:0:0:0:0:1','Windows 10','Firefox-74.0','permission','http://localhost:8080/admin/permission',0,'2020-04-05 17:37:10','2020-04-05 17:37:10'),(240,'123456','0:0:0:0:0:0:0:1','Windows 10','Firefox-74.0','list','http://localhost:8080/admin/user/permission',0,'2020-04-05 17:37:10','2020-04-05 17:37:10'),(241,'654321','0:0:0:0:0:0:0:1','Windows 10','Firefox-74.0','adminPages','http://localhost:8080/admin/index',0,'2020-04-05 17:41:51','2020-04-05 17:41:51'),(242,'654321','0:0:0:0:0:0:0:1','Windows 10','Firefox-74.0','console','http://localhost:8080/admin/console',0,'2020-04-05 17:41:52','2020-04-05 17:41:52'),(243,'654321','0:0:0:0:0:0:0:1','Windows 10','Firefox-74.0','getBmlLogCounts','http://localhost:8080/admin/sys/log',0,'2020-04-05 17:41:52','2020-04-05 17:41:52'),(244,'654321','0:0:0:0:0:0:0:1','Windows 10','Firefox-74.0','userInfo','http://localhost:8080/admin/userInfo',0,'2020-04-05 17:42:03','2020-04-05 17:42:03'),(245,'654321','0:0:0:0:0:0:0:1','Windows 10','Firefox-74.0','adminPages','http://localhost:8080/admin/index',0,'2020-04-05 17:42:11','2020-04-05 17:42:11'),(246,'654321','0:0:0:0:0:0:0:1','Windows 10','Firefox-74.0','console','http://localhost:8080/admin/console',0,'2020-04-05 17:42:12','2020-04-05 17:42:12'),(247,'654321','0:0:0:0:0:0:0:1','Windows 10','Firefox-74.0','getBmlLogCounts','http://localhost:8080/admin/sys/log',0,'2020-04-05 17:42:12','2020-04-05 17:42:12'),(248,'654321','0:0:0:0:0:0:0:1','Windows 10','Firefox-74.0','adminPages','http://localhost:8080/admin/index',0,'2020-04-05 17:42:25','2020-04-05 17:42:25'),(249,'654321','0:0:0:0:0:0:0:1','Windows 10','Firefox-74.0','console','http://localhost:8080/admin/console',0,'2020-04-05 17:42:26','2020-04-05 17:42:26'),(250,'654321','0:0:0:0:0:0:0:1','Windows 10','Firefox-74.0','getBmlLogCounts','http://localhost:8080/admin/sys/log',0,'2020-04-05 17:42:29','2020-04-05 17:42:29'),(251,'654321','0:0:0:0:0:0:0:1','Windows 10','Firefox-74.0','uiConfiguration','http://localhost:8080/swagger-resources/configuration/ui',0,'2020-04-05 17:42:34','2020-04-05 17:42:34'),(252,'654321','0:0:0:0:0:0:0:1','Windows 10','Firefox-74.0','securityConfiguration','http://localhost:8080/swagger-resources/configuration/security',0,'2020-04-05 17:42:34','2020-04-05 17:42:34'),(253,'654321','0:0:0:0:0:0:0:1','Windows 10','Firefox-74.0','swaggerResources','http://localhost:8080/swagger-resources',0,'2020-04-05 17:42:34','2020-04-05 17:42:34'),(254,'123456','0:0:0:0:0:0:0:1','Windows 10','Firefox-74.0','adminPages','http://localhost:8080/admin/index',0,'2020-04-05 18:00:14','2020-04-05 18:00:14'),(255,'123456','0:0:0:0:0:0:0:1','Windows 10','Firefox-74.0','console','http://localhost:8080/admin/console',0,'2020-04-05 18:00:14','2020-04-05 18:00:14'),(256,'123456','0:0:0:0:0:0:0:1','Windows 10','Firefox-74.0','getBmlLogCounts','http://localhost:8080/admin/sys/log',0,'2020-04-05 18:00:15','2020-04-05 18:00:15'),(257,'123456','0:0:0:0:0:0:0:1','Windows 10','Firefox-74.0','error','http://localhost:8080/error/4.3',0,'2020-04-05 18:00:27','2020-04-05 18:00:27'),(258,'123456','0:0:0:0:0:0:0:1','Windows 10','Firefox-74.0','error','http://localhost:8080/error/403',0,'2020-04-05 18:00:35','2020-04-05 18:00:35'),(259,'123456','0:0:0:0:0:0:0:1','Windows 10','Firefox-74.0','error','http://localhost:8080/error/403',0,'2020-04-05 18:00:45','2020-04-05 18:00:45'),(260,'123456','0:0:0:0:0:0:0:1','Windows 10','Firefox-74.0','error','http://localhost:8080/error/403',0,'2020-04-05 18:00:51','2020-04-05 18:00:51'),(261,'123456','0:0:0:0:0:0:0:1','Windows 10','Firefox-74.0','error','http://localhost:8080/error/403',0,'2020-04-05 18:01:23','2020-04-05 18:01:23'),(262,'123456','0:0:0:0:0:0:0:1','Windows 10','Firefox-74.0','error','http://localhost:8080/error/403',0,'2020-04-05 18:01:24','2020-04-05 18:01:24'),(263,'123456','0:0:0:0:0:0:0:1','Windows 10','Firefox-74.0','adminPages','http://localhost:8080/admin/index',0,'2020-04-05 18:05:03','2020-04-05 18:05:03'),(264,'123456','0:0:0:0:0:0:0:1','Windows 10','Firefox-74.0','console','http://localhost:8080/admin/console',0,'2020-04-05 18:05:04','2020-04-05 18:05:04'),(265,'123456','0:0:0:0:0:0:0:1','Windows 10','Firefox-74.0','getBmlLogCounts','http://localhost:8080/admin/sys/log',0,'2020-04-05 18:05:05','2020-04-05 18:05:05'),(266,'123456','0:0:0:0:0:0:0:1','Windows 10','Firefox-74.0','error','http://localhost:8080/error/403',0,'2020-04-05 18:05:17','2020-04-05 18:05:17'),(267,'123456','0:0:0:0:0:0:0:1','Windows 10','Firefox-74.0','error','http://localhost:8080/error/404',0,'2020-04-05 18:05:29','2020-04-05 18:05:29'),(268,'123456','0:0:0:0:0:0:0:1','Windows 10','Firefox-74.0','error','http://localhost:8080/error/500',0,'2020-04-05 18:05:33','2020-04-05 18:05:33'),(269,'123456','0:0:0:0:0:0:0:1','Windows 10','Firefox-74.0','error','http://localhost:8080/error/403',0,'2020-04-05 18:05:45','2020-04-05 18:05:45'),(270,'123456','0:0:0:0:0:0:0:1','Windows 10','Firefox-74.0','error','http://localhost:8080/error/404',0,'2020-04-05 18:05:54','2020-04-05 18:05:54'),(271,'123456','0:0:0:0:0:0:0:1','Windows 10','Firefox-74.0','error','http://localhost:8080/error/500',0,'2020-04-05 18:05:58','2020-04-05 18:05:58'),(272,'123456','0:0:0:0:0:0:0:1','Windows 10','Firefox-74.0','error','http://localhost:8080/error/500',0,'2020-04-05 18:07:07','2020-04-05 18:07:07'),(273,'123456','0:0:0:0:0:0:0:1','Windows 10','Firefox-74.0','error','http://localhost:8080/error/403',0,'2020-04-05 18:07:13','2020-04-05 18:07:13'),(274,'123456','0:0:0:0:0:0:0:1','Windows 10','Firefox-74.0','error','http://localhost:8080/error/404',0,'2020-04-05 18:07:17','2020-04-05 18:07:17'),(275,'123456','0:0:0:0:0:0:0:1','Windows 10','Firefox-74.0','error','http://localhost:8080/error/500',0,'2020-04-05 18:07:21','2020-04-05 18:07:21'),(276,'123456','0:0:0:0:0:0:0:1','Windows 10','Firefox-74.0','adminPages','http://localhost:8080/admin/index',0,'2020-04-05 22:15:16','2020-04-05 22:15:16'),(277,'123456','0:0:0:0:0:0:0:1','Windows 10','Firefox-74.0','console','http://localhost:8080/admin/console',0,'2020-04-05 22:15:17','2020-04-05 22:15:17'),(278,'123456','0:0:0:0:0:0:0:1','Windows 10','Firefox-74.0','getBmlLogCounts','http://localhost:8080/admin/sys/log',0,'2020-04-05 22:15:19','2020-04-05 22:15:19'),(279,'123456','0:0:0:0:0:0:0:1','Windows 10','Firefox-74.0','userInfo','http://localhost:8080/admin/userInfo',0,'2020-04-05 22:34:38','2020-04-05 22:34:38'),(280,'123456','0:0:0:0:0:0:0:1','Windows 10','Firefox-74.0','logout','http://localhost:8080/logout',0,'2020-04-05 22:40:56','2020-04-05 22:40:56'),(281,'123456','0:0:0:0:0:0:0:1','Windows 10','Firefox-74.0','adminPages','http://localhost:8080/admin/index',0,'2020-04-05 22:42:06','2020-04-05 22:42:06'),(282,'123456','0:0:0:0:0:0:0:1','Windows 10','Firefox-74.0','console','http://localhost:8080/admin/console',0,'2020-04-05 22:42:07','2020-04-05 22:42:07'),(283,'123456','0:0:0:0:0:0:0:1','Windows 10','Firefox-74.0','getBmlLogCounts','http://localhost:8080/admin/sys/log',0,'2020-04-05 22:42:08','2020-04-05 22:42:08'),(284,'123456','0:0:0:0:0:0:0:1','Windows 10','Firefox-74.0','user','http://localhost:8080/admin/consumer',0,'2020-04-05 22:43:14','2020-04-05 22:43:14'),(285,'123456','0:0:0:0:0:0:0:1','Windows 10','Firefox-74.0','listAllUsers','http://localhost:8080/admin/users',0,'2020-04-05 22:43:15','2020-04-05 22:43:15'),(286,'123456','0:0:0:0:0:0:0:1','Windows 10','Firefox-74.0','role','http://localhost:8080/admin/role',0,'2020-04-05 22:43:44','2020-04-05 22:43:44'),(287,'123456','0:0:0:0:0:0:0:1','Windows 10','Firefox-74.0','list','http://localhost:8080/admin/user/permission',0,'2020-04-05 22:43:45','2020-04-05 22:43:45'),(288,'123456','0:0:0:0:0:0:0:1','Windows 10','Firefox-74.0','listAllLog','http://localhost:8080/admin/user/roles',0,'2020-04-05 22:43:45','2020-04-05 22:43:45'),(289,'123456','0:0:0:0:0:0:0:1','Windows 10','Firefox-74.0','permission','http://localhost:8080/admin/permission',0,'2020-04-05 22:44:04','2020-04-05 22:44:04'),(290,'123456','0:0:0:0:0:0:0:1','Windows 10','Firefox-74.0','list','http://localhost:8080/admin/user/permission',0,'2020-04-05 22:44:04','2020-04-05 22:44:04'),(291,'123456','0:0:0:0:0:0:0:1','Windows 10','Firefox-74.0','category','http://localhost:8080/admin/category',0,'2020-04-05 22:44:28','2020-04-05 22:44:28'),(292,'123456','0:0:0:0:0:0:0:1','Windows 10','Firefox-74.0','listAll','http://localhost:8080/admin/category/list',0,'2020-04-05 22:44:28','2020-04-05 22:44:28'),(293,'123456','0:0:0:0:0:0:0:1','Windows 10','Firefox-74.0','work','http://localhost:8080/admin/work',0,'2020-04-05 22:44:30','2020-04-05 22:44:30'),(294,'123456','0:0:0:0:0:0:0:1','Windows 10','Firefox-74.0','list','http://localhost:8080/admin/works',0,'2020-04-05 22:44:30','2020-04-05 22:44:30'),(295,'123456','0:0:0:0:0:0:0:1','Windows 10','Firefox-74.0','listAllWork','http://localhost:8080/admin/works',0,'2020-04-05 22:44:30','2020-04-05 22:44:30'),(296,'123456','0:0:0:0:0:0:0:1','Windows 10','Firefox-74.0','getWork','http://localhost:8080/admin/work/2',0,'2020-04-05 22:44:41','2020-04-05 22:44:41'),(297,'123456','0:0:0:0:0:0:0:1','Windows 10','Firefox-74.0','getWorkMd','http://localhost:8080/admin/markdown/2',0,'2020-04-05 22:44:43','2020-04-05 22:44:43'),(298,'123456','0:0:0:0:0:0:0:1','Windows 10','Firefox-74.0','workAdd','http://localhost:8080/admin/workAdd',0,'2020-04-05 22:45:03','2020-04-05 22:45:03'),(299,'123456','0:0:0:0:0:0:0:1','Windows 10','Firefox-74.0','list','http://localhost:8080/admin/categories',0,'2020-04-05 22:45:04','2020-04-05 22:45:04'),(300,'123456','0:0:0:0:0:0:0:1','Windows 10','Firefox-74.0','log','http://localhost:8080/admin/log',0,'2020-04-05 22:45:26','2020-04-05 22:45:26'),(301,'123456','0:0:0:0:0:0:0:1','Windows 10','Firefox-74.0','listAllLog','http://localhost:8080/admin/sys/logs',0,'2020-04-05 22:45:26','2020-04-05 22:45:26'),(302,'123456','0:0:0:0:0:0:0:1','Windows 10','Firefox-74.0','listAllLog','http://localhost:8080/admin/sys/logs',0,'2020-04-05 22:45:30','2020-04-05 22:45:30'),(303,'123456','0:0:0:0:0:0:0:1','Windows 10','Firefox-74.0','userInfo','http://localhost:8080/admin/userInfo',0,'2020-04-05 22:45:36','2020-04-05 22:45:36');

/*Table structure for table `bml_log_count` */

DROP TABLE IF EXISTS `bml_log_count`;

CREATE TABLE `bml_log_count` (
  `id` bigint NOT NULL AUTO_INCREMENT COMMENT '主键',
  `some_day` varchar(40) DEFAULT NULL COMMENT '某一天时间',
  `record_count` int DEFAULT NULL COMMENT '当天的访问总数',
  `create_time` datetime DEFAULT NULL COMMENT '创建时间',
  `update_time` datetime DEFAULT NULL COMMENT '更新时间',
  PRIMARY KEY (`id`)
) ENGINE=InnoDB AUTO_INCREMENT=26 DEFAULT CHARSET=utf8mb4 COLLATE=utf8mb4_0900_ai_ci COMMENT='日志统计数量表';

/*Data for the table `bml_log_count` */

insert  into `bml_log_count`(`id`,`some_day`,`record_count`,`create_time`,`update_time`) values (1,'20200101',10,'2020-03-23 20:11:03','2020-03-23 20:11:05'),(2,'20200102',20,'2020-03-23 20:11:09','2020-03-23 20:11:11'),(3,'20200103',30,'2020-03-23 20:11:14','2020-03-23 20:11:16'),(4,'20200104',40,'2020-03-23 20:11:19','2020-03-23 20:11:20'),(5,'20200105',55,'2020-03-23 20:11:24','2020-03-23 20:11:26'),(6,'20200106',67,'2020-03-23 20:11:29','2020-03-23 20:11:31'),(7,'20200107',89,'2020-03-23 20:11:34','2020-03-23 20:11:42'),(8,'20200108',120,'2020-03-23 20:11:46','2020-03-23 20:11:48'),(9,'20200109',159,'2020-03-23 20:11:51','2020-03-23 20:11:53'),(10,'20200110',200,'2020-03-23 20:11:55','2020-03-23 20:11:58'),(11,'20200111',241,'2020-03-23 20:12:00','2020-03-23 20:12:03'),(12,'20200112',250,'2020-03-23 20:12:06','2020-03-23 20:12:08'),(13,'20200113',300,'2020-03-23 20:12:10','2020-03-23 20:12:13'),(14,'20200323',310,'2020-03-23 21:10:45','2020-03-23 21:59:50'),(15,'20200325',320,'2020-03-25 11:48:56','2020-03-25 13:14:10'),(16,'20200326',340,'2020-03-26 11:45:27','2020-03-26 11:45:30'),(17,'20200327',300,'2020-03-27 10:09:53','2020-03-27 10:09:55'),(18,'20200328',280,'2020-03-28 12:26:42','2020-03-28 12:26:45'),(19,'20200329',245,'2020-03-29 12:53:49','2020-03-29 12:53:51'),(20,'20200330',200,'2020-03-30 14:27:44','2020-03-30 23:28:30'),(21,'20200331',180,'2020-03-31 13:07:05','2020-03-31 13:08:45'),(22,'20200401',170,'2020-04-02 16:29:42','2020-04-02 16:29:44'),(23,'20200402',160,'2020-04-02 16:31:00','2020-04-02 16:31:02'),(24,'20200405',151,'2020-04-05 17:09:55','2020-04-05 23:46:55'),(25,'20200406',0,'2020-04-06 12:56:56','2020-04-06 13:15:15');

/*Table structure for table `bml_permission` */

DROP TABLE IF EXISTS `bml_permission`;

CREATE TABLE `bml_permission` (
  `id` bigint NOT NULL AUTO_INCREMENT COMMENT '主键',
  `label` varchar(40) DEFAULT NULL COMMENT '权限名 用于展示',
  `permission` varchar(100) DEFAULT NULL COMMENT '权限名对应的具体操作',
  `parent_id` int DEFAULT NULL COMMENT '父节点ID',
  `order_by` tinyint DEFAULT '0' COMMENT '节点排列顺序 好像没什么用',
  `deleted` int DEFAULT '0' COMMENT '逻辑删除 默认为0，1为已删除',
  `create_time` datetime DEFAULT NULL COMMENT '创建时间',
  `update_time` datetime DEFAULT NULL COMMENT '更改时间',
  PRIMARY KEY (`id`)
) ENGINE=InnoDB AUTO_INCREMENT=25 DEFAULT CHARSET=utf8 COMMENT='权限分类信息表';

/*Data for the table `bml_permission` */

insert  into `bml_permission`(`id`,`label`,`permission`,`parent_id`,`order_by`,`deleted`,`create_time`,`update_time`) values (1,'用户管理','user:add',0,0,0,'2020-03-27 15:41:06','2020-03-27 15:41:08'),(2,'职位管理','user:update',0,0,0,'2020-03-27 16:05:59','2020-03-27 16:06:01'),(3,'系统日志','user:list',0,0,0,'2020-03-27 16:06:37','2020-03-27 16:06:42'),(4,'Swagger2文档','user:11',0,0,0,'2020-03-27 16:06:40','2020-03-29 20:03:24'),(5,'角色管理','user:view',1,0,0,'2020-03-27 16:07:38','2020-03-27 16:07:40'),(6,'权限管理','user:view',1,1,0,'2020-03-27 16:07:42','2020-03-27 16:07:44'),(7,'注册用户','user:view',1,2,0,'2020-03-27 16:07:46','2020-03-27 16:07:48'),(8,'系统管理员','user:view',1,3,0,'2020-03-27 16:07:50','2020-03-27 16:07:55'),(16,'儿子完善',NULL,4,0,0,'2020-03-29 22:27:17','2020-03-29 22:27:17'),(19,'测试新增','user：whatever',0,0,0,'2020-03-31 20:13:04','2020-03-31 20:13:04'),(20,'新增测试','',19,0,0,'2020-03-31 20:13:33','2020-04-05 17:12:22'),(21,'孙子',NULL,20,0,0,'2020-03-31 20:14:16','2020-03-31 20:14:16'),(22,'孙子大哥',NULL,20,0,0,'2020-03-31 20:15:41','2020-03-31 20:15:41'),(23,'孙子二哥',NULL,20,0,0,'2020-03-31 20:16:35','2020-03-31 20:16:35'),(24,'孙子四哥','完善了',20,0,0,'2020-03-31 20:17:07','2020-03-31 20:27:45');

/*Table structure for table `bml_role` */

DROP TABLE IF EXISTS `bml_role`;

CREATE TABLE `bml_role` (
  `id` int NOT NULL AUTO_INCREMENT COMMENT '主键',
  `role_name` varchar(50) DEFAULT NULL COMMENT '角色名',
  `permission` bigint DEFAULT NULL COMMENT '对应权限ID',
  `deleted` int DEFAULT '0' COMMENT '逻辑删除 默认为0，1为已删除',
  `role_description` varchar(100) DEFAULT NULL COMMENT '权限具体描述',
  `create_time` datetime DEFAULT NULL COMMENT '创建时间',
  `update_time` datetime DEFAULT NULL COMMENT '更改时间',
  PRIMARY KEY (`id`)
) ENGINE=InnoDB AUTO_INCREMENT=28 DEFAULT CHARSET=utf8 COMMENT='角色相关信息表';

/*Data for the table `bml_role` */

insert  into `bml_role`(`id`,`role_name`,`permission`,`deleted`,`role_description`,`create_time`,`update_time`) values (1,'root',1,0,'我是超级管理员','2020-03-27 13:25:37','2020-03-27 13:25:40'),(2,'admin',2,0,'我是普通管理员','2020-03-27 13:47:21','2020-03-27 13:47:23'),(3,'guest',3,0,'我是访客 只有查看权限','2020-03-27 13:47:44','2020-03-27 13:47:46'),(4,'111',1,0,'1111','2020-03-27 14:11:06','2020-03-27 14:11:08'),(5,'222',1,0,'222','2020-03-27 14:11:18','2020-03-27 14:11:20'),(6,'333',1,0,'333','2020-03-27 14:11:29','2020-03-27 14:11:31'),(7,'444',4,0,'444','2020-03-27 14:11:40','2020-03-27 14:11:42'),(8,'555',1,0,'555','2020-03-27 14:11:56','2020-03-27 14:11:58'),(9,'666',1,0,'666','2020-03-27 14:12:07','2020-03-27 14:12:09'),(10,'777',1,0,'777','2020-03-27 14:12:20','2020-03-27 14:12:22'),(11,'888',7,0,'888','2020-03-27 14:12:33','2020-03-27 14:12:35'),(12,'999感冒灵',5,0,'999更新测试','2020-03-27 14:12:46','2020-03-31 20:53:27'),(26,'table',5,0,'reload测试嘻嘻哈哈','2020-03-27 22:43:56','2020-03-28 16:05:10'),(27,'测试添加',8,0,'听个歌吧更新','2020-03-31 20:54:02','2020-03-31 20:56:36');

/*Table structure for table `bml_user` */

DROP TABLE IF EXISTS `bml_user`;

CREATE TABLE `bml_user` (
  `id` bigint NOT NULL AUTO_INCREMENT COMMENT '用户ID',
  `username` varchar(32) DEFAULT NULL COMMENT '用户名 不重复',
  `nickname` varchar(64) DEFAULT NULL COMMENT '用户昵称 用于展示',
  `password` varchar(256) DEFAULT NULL COMMENT '加密后的密码',
  `avatar` varchar(128) DEFAULT NULL COMMENT '用户头像地址',
  `email` varchar(64) DEFAULT NULL COMMENT '用户邮箱',
  `phone` varchar(32) DEFAULT NULL COMMENT '用户手机',
  `gender` char(1) DEFAULT NULL COMMENT '性别 0男 1女 2保密',
  `role_id` bigint DEFAULT NULL COMMENT '角色ID',
  `description` varchar(255) DEFAULT NULL COMMENT '个人描述',
  `last_time` datetime DEFAULT NULL COMMENT '上次登录时间',
  `create_time` datetime DEFAULT NULL COMMENT '创建时间',
  `update_time` datetime DEFAULT NULL COMMENT '更新时间',
  PRIMARY KEY (`id`)
) ENGINE=InnoDB AUTO_INCREMENT=10 DEFAULT CHARSET=utf8;

/*Data for the table `bml_user` */

insert  into `bml_user`(`id`,`username`,`nickname`,`password`,`avatar`,`email`,`phone`,`gender`,`role_id`,`description`,`last_time`,`create_time`,`update_time`) values (1,'123456','我是昵称','6c195211e3dbe9f27e912c008b569530','11.png','2966566116@qq.com','15518480327','2',1,'测试更改','2020-04-06 13:12:12','2020-03-22 12:49:20','2020-04-06 13:12:12'),(2,'654321','默认昵称','f6b324f612b487dbf33f4e44b6130a15','13.png','5211314@qq.com','14756421235','0',3,'测试更改','2020-04-05 17:41:51','2020-03-22 12:43:42','2020-04-05 17:41:51'),(3,'111111',NULL,'fa422eb559f0021399133f945d2143fd','24.jpg','123456@qq.com','11111111111','0',2,'测试文档',NULL,'2020-03-30 15:50:41','2020-03-30 15:50:41'),(4,'222222','','b1e41ddb79c63276e7b517e9dfe963aa','25.jpg','123@qq.com','15545263578','2',3,'重载表格',NULL,'2020-03-30 15:51:04','2020-03-31 21:34:20'),(5,'333333','','1b4f16be93570a5df8dc82138c580291','26.jpg','123456@qq.com','15548561247','2',3,'',NULL,'2020-03-30 15:51:20','2020-03-31 21:10:12'),(6,'444444',NULL,'e4478e5583110c90db93627de26d9dfd','06.jpg','1','1','2',3,NULL,NULL,'2020-03-30 15:51:33','2020-03-30 15:51:33'),(9,'555555','测试更改','f34d16aebc0e342b565fb08ceb9d8df3','03.jpg','1@qq.com','15518480327','2',3,'搞定了','2020-03-31 20:57:42','2020-03-30 20:03:27','2020-03-31 21:11:56');

/*Table structure for table `bml_work` */

DROP TABLE IF EXISTS `bml_work`;

CREATE TABLE `bml_work` (
  `id` int NOT NULL AUTO_INCREMENT COMMENT '主键',
  `work_name` varchar(100) DEFAULT NULL COMMENT '职位名',
  `work_pay` varchar(100) DEFAULT NULL COMMENT '薪资',
  `work_number` tinyint DEFAULT NULL COMMENT '招聘的人数',
  `work_person` varchar(50) DEFAULT NULL COMMENT '联系人',
  `work_phone` varchar(30) DEFAULT NULL COMMENT '联系方式',
  `work_condition` varchar(100) DEFAULT NULL COMMENT '招聘条件',
  `work_address` varchar(150) DEFAULT NULL COMMENT '招聘地址',
  `work_status` tinyint DEFAULT NULL COMMENT '招聘是否发布 0发布、1不发布',
  `work_date` datetime DEFAULT NULL COMMENT '职位截止时间',
  `work_description` varchar(3000) DEFAULT NULL COMMENT '职位描述',
  `category_id` bigint NOT NULL COMMENT '职位分类ID',
  `user_id` bigint NOT NULL COMMENT '用户ID',
  `deleted` int DEFAULT '0' COMMENT '逻辑删除 默认为0，1为已删除',
  `create_time` datetime DEFAULT NULL COMMENT '职位添加时间',
  `update_time` datetime DEFAULT NULL COMMENT '职位更改时间',
  PRIMARY KEY (`id`)
) ENGINE=InnoDB AUTO_INCREMENT=12 DEFAULT CHARSET=utf8 COMMENT='职位信息表';

/*Data for the table `bml_work` */

insert  into `bml_work`(`id`,`work_name`,`work_pay`,`work_number`,`work_person`,`work_phone`,`work_condition`,`work_address`,`work_status`,`work_date`,`work_description`,`category_id`,`user_id`,`deleted`,`create_time`,`update_time`) values (1,'修改测试','1000',20,'张','15518480327','本科以上','武汉',0,'2020-06-26 08:00:00','否 手机 06-26',1,1,0,'2020-03-23 12:52:33','2020-03-29 12:55:11'),(2,'人数发布测试','2万元',32,'联系人','15518480327','学历','地址',0,'2020-03-28 08:00:00','发布 勾选了 10人数',7,1,0,'2020-03-23 12:57:32','2020-03-29 12:55:17'),(3,'1','1',6,'1','15518480327','1','1',1,'2020-04-04 08:00:00','没勾选发布 招聘人数是6',1,1,0,'2020-03-23 13:07:55','2020-03-29 12:55:04'),(4,'完善测试','500元',20,'张先生','13603777897','本科学历以上','洛阳市',1,'2020-04-25 08:00:00','暂时还不要发布',1,1,0,'2020-03-23 13:14:49','2020-03-23 13:14:49'),(5,'777修改','666',20,'苏先生','15518480324','学历要求','北京',1,'2020-04-03 08:00:00','没发布 手机分类',9,1,0,'2020-03-23 15:10:54','2020-03-29 12:55:31'),(6,'777','777',7,'777','16303244598','777','777',0,'2020-03-07 08:00:00','手机分类 发布',1,1,0,'2020-03-23 16:47:29','2020-03-23 16:51:59'),(7,'完美测试','500',10,'边','15518480325','博士以上','家里蹲',1,'2020-05-22 08:00:00','工作描述 未发布 电子产品',1,1,0,'2020-03-26 14:53:55','2020-03-26 14:53:55'),(8,'用删除的','100',10,'李玄生','14545126589','无要求','北京市',1,'2020-07-31 08:00:00','描述',2,1,1,'2020-03-26 15:46:39','2020-03-26 15:46:39'),(9,'加一个吧','100',5,'李学生','12254562354','没要求','上海',1,'2020-05-29 08:00:00','否发布 IT技术 05-29',7,2,0,'2020-03-28 23:26:37','2020-03-28 23:27:17'),(10,'添加测试','100',100,'张','15518480214','北京市','洛阳嘻嘻哈哈',1,'2020-04-11 08:00:00','未发布 会计 未选择',8,9,0,'2020-03-31 19:07:22','2020-03-31 19:40:04'),(11,'修改测试','100',56,'衣服','15518480325','本科以上','工作地址',0,'2020-05-30 08:00:00','立即发布 05-21 发布 0530',11,9,0,'2020-03-31 19:13:53','2020-03-31 19:37:00');

/*Table structure for table `bml_work_content` */

DROP TABLE IF EXISTS `bml_work_content`;

CREATE TABLE `bml_work_content` (
  `id` int NOT NULL AUTO_INCREMENT COMMENT '主键',
  `work_id` bigint DEFAULT NULL COMMENT '关联职位ID',
  `deleted` int DEFAULT '0' COMMENT '逻辑删除 默认为0,1为删除',
  `company_description` text COMMENT '公司介绍',
  `create_time` datetime DEFAULT NULL COMMENT '职位添加时间',
  `update_time` datetime DEFAULT NULL COMMENT '职位更改时间',
  PRIMARY KEY (`id`)
) ENGINE=InnoDB AUTO_INCREMENT=12 DEFAULT CHARSET=utf8mb4 COLLATE=utf8mb4_0900_ai_ci COMMENT='职位文本表';

/*Data for the table `bml_work_content` */

insert  into `bml_work_content`(`id`,`work_id`,`deleted`,`company_description`,`create_time`,`update_time`) values (1,1,0,'修改markdown文本测试','2020-03-23 12:52:33','2020-03-29 12:55:12'),(2,2,0,'测试 发布以及人数','2020-03-23 12:57:33','2020-03-29 12:55:17'),(3,3,0,'markdown文本','2020-03-23 13:07:55','2020-03-29 12:55:04'),(4,4,0,'![我是测试图片](https://picsum.photos/id/5/800/450 \"我是测试图片\")\n我是图片描述。','2020-03-23 13:14:49','2020-03-23 13:14:49'),(5,5,0,'777测试逻辑删除的markdown文本','2020-03-23 15:10:54','2020-03-29 12:55:31'),(6,6,0,'77777777','2020-03-23 16:47:30','2020-03-23 16:51:59'),(7,7,0,'测试markdown文本','2020-03-26 14:53:55','2020-03-26 14:53:55'),(8,8,1,'我是用户会显得','2020-03-26 15:46:40','2020-03-26 15:46:40'),(9,9,0,'我是markdown文本 编辑修改测试','2020-03-28 23:26:37','2020-03-28 23:27:17'),(10,10,0,'我是markdown测试文本 嗯哼123123456','2020-03-31 19:07:22','2020-03-31 19:40:05'),(11,11,0,'公司介绍些什么呢？嘻嘻嘻爱asdaS2daSdas\n','2020-03-31 19:13:53','2020-03-31 19:37:00');

/*!40101 SET SQL_MODE=@OLD_SQL_MODE */;
/*!40014 SET FOREIGN_KEY_CHECKS=@OLD_FOREIGN_KEY_CHECKS */;
/*!40014 SET UNIQUE_CHECKS=@OLD_UNIQUE_CHECKS */;
/*!40111 SET SQL_NOTES=@OLD_SQL_NOTES */;
